Epoch,Train_Loss,Train_Accuracy,Val_Loss,Val_Accuracy
1,0.6933245854718345,0.8782066345214844,0.6931472420692444,0.8873196919759114
